file,Time,AUC-PR,AUC-ROC,VUS-PR,VUS-ROC,Standard-F1,PA-F1,Event-based-F1,R-based-F1,Affiliation-F
001_Genesis_id_1_Sensor_tr_4055_1st_15538.csv,9.635895252227783,0.018724316842284768,0.9071743970315398,0.11799785551304447,0.9544952262667838,0.05627636081309389,0.12935323383084577,0.05561497326203201,0.11207325049051668,0.8517882292817169
002_MSL_id_1_Sensor_tr_500_1st_900.csv,2.8016750812530518,0.35859382534445117,0.9863586303564277,0.5857447113543922,0.9961960826850129,0.44443969140885575,0.9565217391304348,0.8571428571428567,0.45544554455445546,0.9971138381961411
003_MSL_id_2_Sensor_tr_883_1st_1238.csv,6.205644130706787,0.511315956077278,0.8579753738746625,0.4571054970966131,0.8872071301876274,0.5396177390263837,0.8275862068965517,0.6666666666666662,0.42856908711290687,0.8823646152259332
005_MSL_id_4_Sensor_tr_855_1st_2700.csv,5.959336042404175,0.059433962900373505,0.8168320576998248,0.0964855973783582,0.8731427637864961,0.13104705811132494,0.9726027397260274,0.33333333333333304,0.20547945205479454,0.849941529528065
006_MSL_id_5_Sensor_tr_1150_1st_1250.csv,9.123938798904419,0.6612324861823152,0.8110630742661875,0.6627188456260671,0.8195866746931129,0.6421968940670658,1.0,0.9999999999999996,0.603307592523021,0.9871031250271117
007_MSL_id_6_Sensor_tr_980_1st_3550.csv,6.934904098510742,0.08149773609869448,0.7848033353178052,0.0950941409990335,0.8150393257145724,0.17747749447414873,0.8184281842818428,0.1851475076297048,0.25611745513866235,0.7491051049678026
008_MSL_id_7_Sensor_tr_656_1st_1630.csv,4.434921503067017,0.8115113621198633,0.9515676725414554,0.709426202563271,0.9344542219539985,0.7582369997883458,0.950354609929078,0.6666666666666662,0.2724538031800602,0.8850531345785925
009_MSL_id_8_Sensor_tr_714_1st_1390.csv,4.892695188522339,0.6909818583927589,0.9964810615604267,0.8925402497305643,0.9992559922214849,0.5945896859426418,1.0,0.9999999999999996,0.6073488218816939,0.9989735372906386
010_MSL_id_9_Sensor_tr_554_1st_1172.csv,3.6959266662597656,0.028208294842100433,0.47935727201576117,0.04464438918181035,0.6066982816046332,0.06423262008990166,0.3854748603351955,0.06338028169014079,0.08079097579687436,0.681830539302907
012_MSL_id_11_Sensor_tr_539_1st_940.csv,3.5409364700317383,0.8772795009328036,0.994565295945653,0.9818629206042152,0.999292102506409,0.8820911394032382,1.0,0.9999999999999996,0.5722379603399435,0.9982991104543174
013_MSL_id_12_Sensor_tr_554_1st_1200.csv,3.654019832611084,0.0280423669906391,0.803437324536777,0.09974133588631234,0.9149392228055303,0.07972184304489228,0.1780821917808219,0.07705192629815737,0.11278195488721804,0.799428485208995
014_MSL_id_13_Sensor_tr_1525_1st_4575.csv,11.165766477584839,0.5519456507413699,0.9041447198319112,0.5617996808105357,0.9300208194100394,0.6014994106821272,1.0,0.9999999999999996,0.6826783114992722,0.997280915733816
015_MSL_id_14_Sensor_tr_575_1st_1250.csv,3.861438751220703,0.34926907490091175,0.7429696549297877,0.3521407607352984,0.7528429636598069,0.3944724931634298,1.0,0.9999999999999996,0.37648327939590076,0.947326300859583
016_MSL_id_15_Sensor_tr_500_1st_780.csv,1.3145856857299805,0.3812384763878455,0.8769009509291521,0.3944412067191456,0.8842960906785245,0.4525217511953392,0.8350515463917526,0.6174496644295298,0.3379721275773068,0.9290905613352894
017_MSL_id_16_Sensor_tr_512_1st_1850.csv,3.335120677947998,0.24863022019180342,0.8640183018443811,0.33152160738793973,0.8954152526636355,0.4781997959962682,0.8098434004474273,0.47568988173455945,0.26986333420498493,0.8201379420210912
018_Daphnet_id_1_HumanActivity_tr_9693_1st_20732.csv,11.544888973236084,0.13950946105846396,0.8199196558262868,0.14778683850255636,0.8273083999859442,0.28106707844989787,0.6280811657360752,0.3066940629393314,0.28635757380121674,0.8090125091734557
019_MITDB_id_1_Medical_tr_37500_1st_103211.csv,9.85478949546814,0.19693625311650267,0.6116178179420726,0.19649754043975282,0.6130731054547981,0.2736138822923552,0.9999462683359304,0.6249999999999994,0.27591317961592265,0.8288299881498101
020_MITDB_id_2_Medical_tr_50000_1st_52315.csv,45.747740507125854,0.0021295579245549892,0.5806948327115891,0.002300484789504397,0.6054823499665204,0.005660431722114384,0.17769857433808553,0.005635721805908212,0.006292005482730472,0.6666878661119097
021_MITDB_id_3_Medical_tr_50000_1st_57595.csv,33.77885699272156,0.10835428404317314,0.6057560403873573,0.08232290295935525,0.6539676955141336,0.171095844759738,0.9921729827129906,0.8522848034006372,0.3102330739201146,0.9617235646656469
022_MITDB_id_4_Medical_tr_50000_1st_54253.csv,20.515517473220825,0.11457697397349019,0.5667075209270698,0.11130889453090659,0.597895283901985,0.17409331156303906,0.863116716689711,0.5830399604718667,0.2158063506342956,0.8060211910901974
024_MITDB_id_6_Medical_tr_50000_1st_58118.csv,13.447017669677734,0.0022466414913106286,0.5583340928183003,0.0024989539396404747,0.5938796869545336,0.00650237633948238,0.10142220945266485,0.006539603321430101,0.009905624015769708,0.8903124999929795
025_MITDB_id_7_Medical_tr_37500_1st_88864.csv,9.997728109359741,0.0515834272381306,0.664527773872016,0.05746836080543388,0.7056631096069171,0.14138262677370222,0.618008527715074,0.1627341439369042,0.11929466818702716,0.8370696625374151
026_MITDB_id_8_Medical_tr_30495_1st_30595.csv,27.43751358985901,0.0891723596410062,0.5759776211758182,0.08974256288829088,0.5787585969941574,0.15562267576993086,0.908715059271184,0.2720123552123549,0.1526523034337312,0.8221368579228258
027_MITDB_id_9_Medical_tr_25000_1st_52255.csv,6.396749258041382,0.011090572502320175,0.736382346182527,0.012105832516468932,0.7614640007010252,0.03828572662538629,0.9106203995793901,0.06691449814126386,0.06920848665153057,0.7628449999672274
029_MITDB_id_11_Medical_tr_50000_1st_518037.csv,40.59403610229492,0.048180154049861604,0.7914917824607487,0.03354112109802406,0.8196639297702666,0.09675831438309974,0.9943181818181818,0.6923076923076917,0.2551684403172236,0.9625769635272939
030_MITDB_id_12_Medical_tr_50000_1st_84572.csv,42.34612798690796,0.06981840560825767,0.6273369852718677,0.0750356975200489,0.6537305573248855,0.12799774845680342,0.6092499893038976,0.17808733149080744,0.12211287378039998,0.7415522558754541
031_MITDB_id_13_Medical_tr_50000_1st_79433.csv,30.32593870162964,0.02519739994907839,0.5154501949275797,0.03263715394004702,0.593858826706304,0.052126545726933135,0.5943015983321751,0.07759055029950165,0.12016785925109143,0.6860556476820364
032_GHL_id_1_Sensor_tr_50000_1st_65001.csv,140.10966157913208,0.007939058679967498,0.41420149689282826,0.0090789412197222,0.40436517100483743,0.024478055957467177,0.07293639588140087,0.023857799405244615,0.09314573481215857,0.66662552738901
033_GHL_id_2_Sensor_tr_50000_1st_51001.csv,132.18914771080017,0.006120810854335686,0.28001394397085316,0.006476676806462468,0.2961683153311938,0.01894048818231408,0.04512086381902796,0.01883934536589842,0.050769570684907436,0.67173728321989
034_GHL_id_3_Sensor_tr_50000_1st_122001.csv,131.693763256073,0.008010242345971127,0.43200013244261026,0.00836551083717085,0.44736677435314814,0.021443284977686695,0.0646748563436294,0.02100642562367955,0.02897786353940653,0.6664980651426262
035_GHL_id_4_Sensor_tr_50000_1st_90001.csv,130.9953737258911,0.009021675537324471,0.2976451410951896,0.009528259544555578,0.3182123984109883,0.027358449047889834,0.054686003970933574,0.02704588729052643,0.03829017967094407,0.7757335897199222
036_GHL_id_5_Sensor_tr_50000_1st_67147.csv,130.63275623321533,0.006923550201878345,0.20658414879079096,0.0072630513970026,0.23331041946609546,0.023632328267862896,0.10084590410142015,0.023513175308591087,0.045628773887687886,0.666745145195154
037_GHL_id_6_Sensor_tr_50000_1st_80001.csv,130.79662346839905,0.009883806426646151,0.5591968322723004,0.010467042757597392,0.5762600337635478,0.025858537128804093,0.12304243183541591,0.02557653428365827,0.03780136127052863,0.6800341878944841
038_GHL_id_7_Sensor_tr_50000_1st_100001.csv,131.216463804245,0.006916042189220699,0.40572519892456654,0.007342214074384959,0.4268003027256587,0.018449126335937104,0.04666079392170897,0.018076122477593572,0.022904121648639402,0.6664763539784384
039_GHL_id_8_Sensor_tr_50000_1st_63030.csv,131.10890102386475,0.003752967771655468,0.24003326318313936,0.0038968572641896234,0.25969685526097575,0.011881211015684548,0.05656448254152743,0.011783399329112952,0.02844335189234109,0.7651197029841095
041_GHL_id_10_Sensor_tr_50000_1st_57001.csv,131.621764421463,0.005545289906390111,0.16532899329887793,0.0057640170603857,0.1793105793627079,0.01848751329674466,0.036146624842877687,0.018382444022732772,0.045053703010136066,0.7224262634902104
042_GHL_id_11_Sensor_tr_50000_1st_150001.csv,131.1386342048645,0.006511495108828103,0.42765462160259154,0.006742341584584384,0.4387889605605637,0.020134249222516786,0.033484221697602394,0.019922308546059912,0.012945949170743348,0.6667064767864933
043_GHL_id_12_Sensor_tr_39938_1st_40038.csv,131.011620759964,0.022570598785800172,0.882040792658125,0.023645538218054866,0.8857432004012904,0.056853282963654286,0.16957082929977413,0.0559221027987655,0.04663076188899386,0.7191965993052121
044_GHL_id_13_Sensor_tr_50000_1st_145001.csv,130.4752540588379,0.013769847723270152,0.589762711947306,0.015014776156530598,0.5559447476066328,0.04168890839806085,0.15004972650422677,0.040921192262580675,0.035331874024903155,0.6666823946436296
045_GHL_id_14_Sensor_tr_50000_1st_85076.csv,130.34517812728882,0.02289019122606749,0.8162836643538683,0.02491110891562934,0.8176620373715205,0.0651751400504303,0.2529610097691709,0.064464316721653,0.04988121874498917,0.6916062161539884
046_GHL_id_15_Sensor_tr_50000_1st_156462.csv,130.33677434921265,0.16499006768767788,0.9833512379482101,0.16332037297648508,0.9836487439038221,0.31618658797765226,0.5998547567175018,0.3258350374914789,0.2398278189180316,0.9364158136040105
047_GHL_id_16_Sensor_tr_50000_1st_77001.csv,130.29149770736694,0.010410320638733761,0.3833644144434288,0.01094620404274794,0.4008063432313237,0.0291128198772478,0.08134669033730661,0.028941686956613956,0.024776091542866165,0.7809301585472286
048_GHL_id_17_Sensor_tr_50000_1st_154001.csv,130.4467568397522,0.0209666723064861,0.5141767936190422,0.022548748689441078,0.5167471022937937,0.06640099592385967,0.23926247288503255,0.07352866500787068,0.07846864009686251,0.8266267479685152
050_GHL_id_19_Sensor_tr_43750_1st_55001.csv,114.18367528915405,0.057301266131143724,0.944219139082634,0.06379596657465399,0.9461840147994014,0.1602419524056892,0.3358120166567519,0.15987153180479954,0.12495398399898962,0.7528266040254564
051_GHL_id_20_Sensor_tr_50000_1st_75110.csv,130.579852104187,0.0038305899740934796,0.22282227870438684,0.003961290239314027,0.23697608721030347,0.012037478894295217,0.03546754020250149,0.01201846666162112,0.03773654256528685,0.6666437379639534
052_GHL_id_21_Sensor_tr_50000_1st_98001.csv,130.90019583702087,0.0034523875708058443,0.28694875863695873,0.003518569328272711,0.29618966161397436,0.010867695419911819,0.02042662403231235,0.010858078981062648,0.013121471713638663,0.6666613480862618
053_GHL_id_22_Sensor_tr_50000_1st_126448.csv,130.51015186309814,0.025409944855346672,0.406902645030223,0.02654753220932434,0.4207733399439158,0.07305915719985061,0.14576505088839053,0.0716127879066441,0.04121656400299846,0.8166753808115091
054_GHL_id_23_Sensor_tr_50000_1st_135001.csv,130.53718948364258,0.036589180855924996,0.49356065455568576,0.027719915602279682,0.48827485044090774,0.16717804763291066,0.22079718345278512,0.18776706140886298,0.10770663913995819,0.7250951383241232
055_GHL_id_24_Sensor_tr_50000_1st_118124.csv,131.1350200176239,0.005704562211226261,0.5640875328802856,0.005960112818420173,0.5817119054173409,0.016513943813364775,0.1172029271692415,0.016145778154465495,0.021994560485041333,0.7165110327704045
056_GHL_id_25_Sensor_tr_50000_1st_105568.csv,130.52308416366577,0.018490009533895,0.6046154713821341,0.020422440564169118,0.577060624046383,0.046284728917494904,0.10340314136125654,0.046260196080149245,0.04004401803488642,0.776728978965865
058_SMD_id_2_Facility_tr_1087_1st_1187.csv,37.60921883583069,0.5189617303644203,0.922944544992384,0.5275088135104158,0.9371930273013257,0.5031186986552408,0.9145454545454546,0.705882352941176,0.2571538579798452,0.9143241084349178
059_SMD_id_3_Facility_tr_757_1st_857.csv,30.700822830200195,0.6506257563928214,0.909232727722945,0.2689076743100348,0.7606305145407648,0.7039950289151021,0.8838174273858921,0.4615384615384611,0.2567468852060098,0.7058523002533738
060_SMD_id_4_Facility_tr_7176_1st_10609.csv,37.562145471572876,0.03536768238379945,0.6979910696457118,0.049682890837471044,0.7566620499377447,0.08570935130448917,0.8282290279627164,0.16666666666666619,0.0900852376669081,0.7581404197480814
061_SMD_id_5_Facility_tr_7176_1st_15144.csv,37.63377928733826,0.4147752672479326,0.8423599551288757,0.3326631268951286,0.8450700628882799,0.4015198608641067,0.7944006999125109,0.6577437858508599,0.3308983053419381,0.7700007275534538
063_SMD_id_7_Facility_tr_5923_1st_6506.csv,30.692596673965454,0.16412075844250135,0.7053782707751808,0.12457164960828204,0.6779313908360993,0.24265053258118813,0.8100289296046287,0.31638418079096,0.12064673364803331,0.7454137201399037
064_SMD_id_8_Facility_tr_2272_1st_2372.csv,27.804752349853516,0.09652341628096656,0.7067424136254102,0.13458721124069106,0.7775967665521031,0.21569009341273498,0.3879310344827586,0.24096385542168636,0.13897383924927137,0.724210352303894
065_SMD_id_9_Facility_tr_737_1st_837.csv,30.71328353881836,0.20695048373552388,0.6832574377579075,0.20271514810320287,0.6737484972986572,0.2726635387968307,0.9032663316582915,0.3541255984229789,0.21916108397874953,0.7370471669608742
066_SMD_id_10_Facility_tr_2634_1st_2734.csv,30.67987370491028,0.45860214284518386,0.9080830028569923,0.29107129174235136,0.8325074106130829,0.4816276531599853,0.8916619398752127,0.48951781970649844,0.1773267363107227,0.724098975678399
067_SMD_id_11_Facility_tr_1980_1st_2080.csv,29.54673981666565,0.04824378160821063,0.4913783619182335,0.04794657664589474,0.3707498373655159,0.09730029776740634,0.8193832599118943,0.10229561014901303,0.18589973734329165,0.675611683790084
068_SMD_id_12_Facility_tr_1099_1st_1199.csv,37.814586877822876,0.3158736096734517,0.8754637132139824,0.19835514668871249,0.8881792526471034,0.41246605113983087,0.6292682926829268,0.5531914893617016,0.22137375329439635,0.8421246974810072
069_SMD_id_13_Facility_tr_5925_1st_12760.csv,30.973219394683838,0.0961101068633285,0.4167899224799776,0.0983180344496443,0.41130453889665874,0.21354348887020455,0.7146607710377229,0.21348611058761427,0.49204969397133697,0.7366521107609596
070_SMD_id_14_Facility_tr_1070_1st_1170.csv,37.639493465423584,0.06742544837491121,0.7717413537281124,0.04237049938841636,0.7535086299922525,0.11993539835683527,0.47227191413237923,0.36363636363636326,0.10340437623948398,0.7681152572382858
071_SMD_id_15_Facility_tr_1109_1st_1209.csv,37.56336283683777,0.4039566485538397,0.8298572992941124,0.14425924716688454,0.8288675235643489,0.528033347921483,0.5773672055427251,0.39999999999999963,0.19654852017492785,0.8069493381705815
073_SMD_id_17_Facility_tr_5926_1st_10620.csv,30.774396419525146,0.024289619181400646,0.6575040244005762,0.011975565162938177,0.6482629408017142,0.0983558185663,0.34146341463414637,0.19999999999999957,0.0617283950617284,0.684668193511017
074_SMD_id_18_Facility_tr_7174_1st_21230.csv,37.62041711807251,0.4787363094828697,0.9474648584235223,0.5537314580901469,0.970430693202283,0.573165946649109,0.9253012048192771,0.718367346938775,0.2516484230735468,0.9765609668942037
075_SMD_id_19_Facility_tr_564_1st_664.csv,30.69634437561035,0.7306482395502926,0.8566175110944365,0.16722568910276076,0.7797601578128451,0.8042846138418664,0.8448753462603878,0.11287520220478073,0.08986446670595169,0.694884556129913
076_SMD_id_20_Facility_tr_5925_1st_17580.csv,30.766652822494507,0.932868005143852,0.9996725820009277,0.8955001604233519,0.9995868603656579,0.9302275786164337,1.0,0.9999999999999996,0.6413196994520084,0.9997277705418189
077_SMD_id_21_Facility_tr_3026_1st_3126.csv,27.863593339920044,0.09721375940379846,0.7225685326248956,0.18572634048895867,0.8525370020341618,0.23002796360853256,0.4083582089552239,0.25555705240468785,0.26881683637456816,0.817270395922637
078_SMD_id_22_Facility_tr_500_1st_326.csv,30.8259494304657,0.3694509631200385,0.8310472864142691,0.14272862856845003,0.5092504293084849,0.4524937395572198,0.6700443318556049,0.29845809621090474,0.17821716475094754,0.6787082340885456
079_LTDB_id_1_Medical_tr_3618_1st_3718.csv,6.40498948097229,0.7770368119890948,0.9351043257667231,0.838903698568039,0.9645501276822344,0.7001429270705591,0.996527894825552,0.990177546209671,0.36053108426708225,0.9627085661199102
080_LTDB_id_2_Medical_tr_500_1st_266.csv,9.782167673110962,0.21749381405586116,0.5716781790742093,0.27820780805642836,0.6844378883789964,0.2724803186504096,0.8531679833810708,0.495133973291583,0.26544567160306626,0.7847862651290136
081_LTDB_id_3_Medical_tr_500_1st_26.csv,6.445390701293945,0.4191630302134985,0.6386014226252332,0.47761547570710444,0.6994185120093119,0.5140881762132818,0.965455375269511,0.6729546417973712,0.28564078066406595,0.829892571280683
083_LTDB_id_5_Medical_tr_15502_1st_15602.csv,6.44995641708374,0.005381407918351221,0.515502505474428,0.005510939122321509,0.5248357014557324,0.012546536262832478,0.36968576709796674,0.03124999999999983,0.025330396475770928,0.6746595660401354
084_SVDB_id_1_Medical_tr_12973_1st_13073.csv,15.593745708465576,0.020415692343389545,0.5515082542178258,0.026958218291111856,0.6362036267458804,0.045092038833545935,0.7619271999057604,0.10304851867754376,0.06820236922556372,0.6939101351705694
085_SVDB_id_2_Medical_tr_50000_1st_54982.csv,15.655719757080078,0.03958895510963536,0.5197499287671982,0.06139918225141598,0.627969191910751,0.07325988812106522,0.578142391886878,0.08656680861201266,0.06608895668201763,0.6784008605370634
086_SVDB_id_3_Medical_tr_533_1st_633.csv,15.603808641433716,0.15063960244745261,0.6757575490441065,0.1878569876582266,0.7531940682432906,0.21908366969479687,0.8645479611086925,0.42498264279358083,0.1991531678538151,0.783385675092761
087_SVDB_id_4_Medical_tr_5421_1st_5521.csv,15.537225008010864,0.11046434421464772,0.6676985269555292,0.15662335671944289,0.7242196309024325,0.17024892241545045,0.9132606721162579,0.5180025507701359,0.20005351970286459,0.8677520186865778
088_SVDB_id_5_Medical_tr_500_1st_168.csv,15.645538091659546,0.24731418540901667,0.6397941099152533,0.30475685310450357,0.7432664228580015,0.2798393447754438,0.9820129126989268,0.8218228457253696,0.30612116791798816,0.8789682828021953
089_SVDB_id_6_Medical_tr_50000_1st_83083.csv,15.531196355819702,0.02297073230878209,0.6024455631953917,0.026380043324146604,0.6414768643155171,0.05280128653982924,0.890165361183638,0.1842229570146431,0.11168660614083638,0.7076522712030542
091_SVDB_id_8_Medical_tr_500_1st_126.csv,15.529759883880615,0.2312819448201498,0.7280411897505314,0.25703114604387856,0.7796650436925116,0.273570368791515,0.9444642514329594,0.6517651974096506,0.2538093916078064,0.8168936876039714
092_SVDB_id_9_Medical_tr_2674_1st_2774.csv,15.541336297988892,0.09165360652171847,0.6411147570969635,0.09993257972499356,0.675613720896569,0.16552223458279033,0.9412387506617258,0.24059492563429552,0.4701310096432406,0.7701887863291512
093_SVDB_id_10_Medical_tr_500_1st_37.csv,15.732869863510132,0.2997064563583208,0.794689226494686,0.3486233627315158,0.8570841455715434,0.3501603319146366,0.9123026333668506,0.6564137670553793,0.25053838725660843,0.8333080562066822
094_SVDB_id_11_Medical_tr_20100_1st_23611.csv,5.2838969230651855,0.011286131742168904,0.5036643949072368,0.01597226153418503,0.6052777702142653,0.02548549696630603,0.23928133932217233,0.02570333171337542,0.042136951011360925,0.7519173480287148
095_SVDB_id_12_Medical_tr_6264_1st_6364.csv,15.658032178878784,0.08848222931154738,0.6289178556587175,0.12115057479163031,0.7091106641469543,0.17039921385999077,0.8216785382471353,0.4050069541029203,0.19173098999267268,0.8079720749440511
096_SVDB_id_13_Medical_tr_500_1st_444.csv,15.56322455406189,0.10229763173385843,0.6296975612428497,0.11914136129533068,0.7076902881026773,0.1387618783888832,0.8677645323829422,0.6442021803766099,0.2006112357908596,0.8168901290930358
097_SVDB_id_14_Medical_tr_1031_1st_1131.csv,15.731201887130737,0.2518424204942178,0.6664540091063734,0.2958903669706111,0.7406241878776322,0.297964947920116,0.9868259203137535,0.7449982049022483,0.28921700700142955,0.9028217934873763
098_SVDB_id_15_Medical_tr_500_1st_303.csv,15.619558095932007,0.13456356047010515,0.6237547939137869,0.15565454894186065,0.7053467003433611,0.18542747831517312,0.9167559147113231,0.5894954742073755,0.21521143608739338,0.7935934874669326
099_SVDB_id_16_Medical_tr_1115_1st_1215.csv,15.584877014160156,0.16705791374923207,0.7331895510953376,0.21272122380770328,0.8051616865788905,0.2590263278204133,0.8583100661278472,0.3758537831343534,0.1937925825983154,0.7781585258609536
100_SVDB_id_17_Medical_tr_17803_1st_17903.csv,8.641698122024536,0.3922738970314943,0.8118097522078556,0.3942152764436663,0.8631961814311934,0.4314406144440154,0.9235142818464871,0.8743440401360931,0.29580962275406986,0.9099279401264704
101_SVDB_id_18_Medical_tr_1851_1st_1951.csv,15.605389833450317,0.05880012112163674,0.4197001266723052,0.07840920783277233,0.5091373344276635,0.13064274934526093,0.7116450553033533,0.13064062671150892,0.23057019450896526,0.6731848725283962
102_SVDB_id_19_Medical_tr_50000_1st_107354.csv,15.572911262512207,0.2675024008372207,0.7569326808394243,0.2495263956567729,0.7635726943452333,0.29856227097540833,0.9835148440996568,0.7147707979626479,0.23648916647976395,0.8265085326957332
103_SVDB_id_20_Medical_tr_12167_1st_12267.csv,15.571540355682373,0.053250960035615545,0.6354363621936477,0.07074131839088225,0.7190382621435552,0.10618740599751303,0.8066197183098591,0.23575724439584445,0.1370350722168513,0.7382600977103889
104_SVDB_id_21_Medical_tr_50000_1st_106634.csv,15.549445152282715,0.033171849264061984,0.6351439359697897,0.03785518407064081,0.6934825587534362,0.0738161803073795,0.7485319065640089,0.24489795918367316,0.09778191080737995,0.7487217089353418
105_SVDB_id_22_Medical_tr_500_1st_417.csv,9.878977537155151,0.1219342281947243,0.6128902543110056,0.1514570734481647,0.6875428328492589,0.19850537858477954,0.8698573291704541,0.25859734703726384,0.1819853382404232,0.7523050266129921
106_SVDB_id_23_Medical_tr_37500_1st_121963.csv,9.901511907577515,0.007348096901892379,0.6298247613425966,0.007835169005723137,0.651236212892904,0.02061714243359582,0.7897196261682243,0.02134831460674155,0.019145036307126887,0.861760301238064
108_SVDB_id_25_Medical_tr_1238_1st_1338.csv,15.477311372756958,0.21846135970121694,0.7895463939199172,0.2156148647060121,0.8302843820167952,0.29904457240479393,0.7812168000566613,0.49477581561246,0.1656886065112123,0.7432906210349591
109_SVDB_id_26_Medical_tr_1038_1st_1138.csv,15.589609384536743,0.1741369964108009,0.6211167101138831,0.22534067854019202,0.7169529794207204,0.2321149521420626,0.8488852188274154,0.4959839261974137,0.20325705989903375,0.7875627158779405
110_SVDB_id_27_Medical_tr_30824_1st_30924.csv,15.521126747131348,0.05018956472845353,0.5981230367933383,0.06709669842504325,0.6738280553742564,0.09837681855727376,0.5081788440567067,0.14053561484331473,0.09521955545733309,0.7055405460853709
111_SVDB_id_28_Medical_tr_1791_1st_1891.csv,15.566484928131104,0.15776202996741356,0.6484365817377751,0.15928521224037254,0.6536047291049704,0.23201647786248225,0.9247033898305085,0.431654129625408,0.20170091081847688,0.7587002965048899
112_SVDB_id_29_Medical_tr_8226_1st_8326.csv,15.584415674209595,0.013265781440521722,0.5630136173046326,0.018763710407505445,0.6486976685289975,0.028996016691970872,0.42406677486668215,0.030742314421394617,0.02941143557226937,0.6750708961216569
114_SVDB_id_31_Medical_tr_25000_1st_63090.csv,6.424817323684692,0.005547819162466537,0.5078175554639355,0.006169010960054412,0.5417371865972495,0.01528687211209775,0.9395085066162571,0.0609756097560975,0.054112437219852025,0.7318150670799308
